<ROSETTASCRIPTS>
<SCOREFXNS>
  <ScoreFunction name="ref15" weights="ref2015">
    <Reweight scoretype="hbond_sc" weight="3.0"/>
  </ScoreFunction>
</SCOREFXNS>
<RESIDUE_SELECTORS> 
    <Chain name="chA" chains="A"/>
</RESIDUE_SELECTORS> 
<TASKOPERATIONS>
  <InitializeFromCommandline name="ifcl"/>

  <OperateOnResidueSubset name="FreezeLigand"> 
    <Not selector="chA"/>
    <PreventRepackingRLT/>
  </OperateOnResidueSubset>

</TASKOPERATIONS> 
<FILTERS>
  <PackStat name="pack_stat" confidence="0" threshold="0" repeats="10"/>
</FILTERS>
<MOVERS>
  <!-- <TaskAwareMinMover name="minmovetaskaw" chi="1" bb="0" max_iter="1000000" tolerance="0.000001" task_operations="ifcl,FreezeLigand"/> -->
  <TaskAwareMinMover name="minmovetaskaw" chi="1" bb="0" max_iter="1000000" tolerance="0.000001" task_operations="ifcl"/>
</MOVERS> 
<APPLY_TO_POSE>
</APPLY_TO_POSE> 
<PROTOCOLS>
  <Add mover_name="minmovetaskaw"/>
  <Add filter_name="pack_stat"/>
</PROTOCOLS>
<OUTPUT scorefxn="ref15"/> 
</ROSETTASCRIPTS>
