<ROSETTASCRIPTS>
<SCOREFXNS>
  <ScoreFunction name="ref15" weights="ref2015">
  </ScoreFunction>
</SCOREFXNS>
<TASKOPERATIONS>
  <InitializeFromCommandline name="ifcl"/>
  <RestrictToRepacking name="repack_only" />
</TASKOPERATIONS> 
<FILTERS>
</FILTERS>
<MOVERS>
  <PackRotamersMover name="packer" task_operations="ifcl,repack_only"/>
  <TaskAwareMinMover name="minmovetaskaw" chi="1" bb="0" max_iter="1000000" tolerance="0.000001" task_operations="ifcl"/>
</MOVERS> 
<APPLY_TO_POSE>
</APPLY_TO_POSE> 
<PROTOCOLS>
  <Add mover="packer"/>
  <Add mover="minmovetaskaw"/>
</PROTOCOLS>
  <OUTPUT scorefxn="ref15"/> 
</ROSETTASCRIPTS>
